{
  "PAD": 0,
  "UNK": 1,
  "[CLS]": 2,
  "TS_2/4": 3,
  "MODE_major": 4,
  "BAR": 5,
  "BEAT_1": 6,
  "NOTE_ON_60": 7,
  "DUR_0.5": 8,
  "BEAT_2": 9,
  "NOTE_ON_62": 10,
  "NOTE_ON_64": 11,
  "DUR_1.0": 12,
  "NOTE_ON_67": 13,
  "NOTE_ON_69": 14,
  "NOTE_ON_65": 15,
  "DUR_2.0": 16,
  "END": 17,
  "REST": 18,
  "MODE_minor": 19,
  "NOTE_ON_71": 20,
  "DUR_0.25": 21,
  "NOTE_ON_72": 22,
  "NOTE_ON_74": 23,
  "NOTE_ON_76": 24,
  "NOTE_ON_78": 25,
  "TS_3/4": 26,
  "BEAT_3": 27,
  "NOTE_ON_59": 28,
  "DUR_0.75": 29,
  "NOTE_ON_66": 30,
  "TS_3/8": 31,
  "DUR_1.5": 32,
  "NOTE_ON_57": 33,
  "DUR_0.3333333333333333": 34,
  "DUR_0.16666666666666666": 35,
  "NOTE_ON_70": 36,
  "NOTE_ON_58": 37,
  "DUR_3.0": 38,
  "NOTE_ON_61": 39,
  "NOTE_ON_77": 40,
  "TS_1/4": 41,
  "TS_4/4": 42,
  "BEAT_4": 43,
  "NOTE_ON_68": 44,
  "NOTE_ON_73": 45,
  "NOTE_ON_75": 46,
  "NOTE_ON_63": 47,
  "NOTE_ON_79": 48,
  "TS_1/8": 49,
  "DUR_0.125": 50,
  "NOTE_ON_81": 51,
  "NOTE_ON_80": 52,
  "NOTE_ON_83": 53,
  "DUR_4.0": 54,
  "TS_6/4": 55,
  "DUR_0.6666666666666666": 56,
  "TS_9/4": 57,
  "TS_9/8": 58,
  "TS_13/8": 59,
  "BEAT_5": 60,
  "BEAT_6": 61,
  "BEAT_7": 62,
  "BEAT_8": 63,
  "BEAT_9": 64,
  "BEAT_10": 65,
  "BEAT_11": 66,
  "BEAT_12": 67,
  "TS_7/4": 68,
  "TS_11/8": 69,
  "TS_5/4": 70,
  "TS_15/8": 71,
  "TS_7/8": 72,
  "TS_8/4": 73,
  "TS_11/4": 74,
  "TS_17/4": 75,
  "BEAT_13": 76,
  "BEAT_14": 77,
  "BEAT_15": 78,
  "BEAT_16": 79,
  "TS_19/4": 80,
  "BEAT_17": 81,
  "BEAT_18": 82,
  "BEAT_19": 83,
  "DUR_1.75": 84
}