{
    "2/4|major": 0.31717823477461565,
    "3/4|major": 0.3022547446965737,
    "3/8|major": 0.17205270082728044,
    "3/8|minor": 0.029738838923634266,
    "2/4|minor": 0.04395941099075393,
    "4/4|major": 0.035308112394787594,
    "3/4|minor": 0.0492583313807833,
    "9/8|major": 0.002325036497665952,
    "4/4|minor": 0.0041454139105672,
    "1/8|major": 0.006452426869491556,
    "5/4|major": 0.0033163311284537607,
    "1/4|major": 0.005659391164861309,
    "6/4|major": 0.004902402537714255,
    "11/8|major": 0.002811672043689058,
    "13/8|major": 0.001477930176810915,
    "10/4|major": 0.00046861200728150963,
    "16/4|major": 1.8023538741596524e-05,
    "15/8|major": 0.0011174594019789845,
    "7/4|major": 0.004830308382747868,
    "8/4|minor": 0.00023430600364075481,
    "6/4|minor": 0.0007930357046302471,
    "5/4|minor": 0.000720941549663861,
    "11/8|minor": 0.00023430600364075481,
    "7/8|major": 0.0007750121658886505,
    "8/4|major": 0.0014599066380693185,
    "9/4|major": 0.0010453652470125984,
    "15/4|major": 5.4070616224789575e-05,
    "12/4|major": 5.4070616224789575e-05,
    "23/8|major": 7.20941549663861e-05,
    "21/8|major": 3.604707748319305e-05,
    "11/4|major": 0.00010814123244957915,
    "1/4|minor": 0.001784330335418056,
    "1/8|minor": 0.00030640015860714095,
    "13/4|major": 0.00018023538741596525,
    "9/8|minor": 0.00032442369734873746,
    "7/8|minor": 0.00016221184867436873,
    "17/8|major": 0.0001441883099327722,
    "7/4|minor": 0.000756988627147054,
    "9/4|minor": 0.00025232954238235136,
    "21/8|minor": 1.8023538741596524e-05,
    "5/8|major": 0.002703530811239479,
    "13/8|minor": 0.00012616477119117568,
    "15/8|minor": 0.0001982589261575618,
    "17/8|minor": 5.4070616224789575e-05,
    "10/4|minor": 1.8023538741596524e-05,
    "19/16|minor": 1.8023538741596524e-05,
    "14/4|major": 7.20941549663861e-05,
    "5/8|minor": 1.8023538741596524e-05
}