{
  "PAD": 0,
  "UNK": 1,
  "[CLS]": 2,
  "TS_2/4": 3,
  "MODE_major": 4,
  "BAR": 5,
  "BEAT_1": 6,
  "NOTE_ON_60": 7,
  "DUR_0.5": 8,
  "BEAT_2": 9,
  "NOTE_ON_62": 10,
  "NOTE_ON_64": 11,
  "DUR_1.0": 12,
  "NOTE_ON_67": 13,
  "NOTE_ON_69": 14,
  "NOTE_ON_65": 15,
  "DUR_2.0": 16,
  "END": 17,
  "TS_3/8": 18,
  "REST": 19,
  "BEAT_3": 20,
  "DUR_0.25": 21,
  "DUR_0.16666666666666666": 22,
  "DUR_1.5": 23,
  "NOTE_ON_71": 24,
  "MODE_minor": 25,
  "NOTE_ON_72": 26,
  "NOTE_ON_74": 27,
  "NOTE_ON_76": 28,
  "NOTE_ON_78": 29,
  "DUR_0.75": 30,
  "NOTE_ON_66": 31,
  "TS_3/4": 32,
  "NOTE_ON_59": 33,
  "NOTE_ON_57": 34,
  "DUR_0.3333333333333333": 35,
  "NOTE_ON_70": 36,
  "NOTE_ON_58": 37,
  "DUR_3.0": 38,
  "NOTE_ON_61": 39,
  "NOTE_ON_77": 40,
  "TS_1/4": 41,
  "NOTE_ON_81": 42,
  "NOTE_ON_79": 43,
  "NOTE_ON_83": 44,
  "TS_4/4": 45,
  "BEAT_4": 46,
  "NOTE_ON_68": 47,
  "NOTE_ON_73": 48,
  "NOTE_ON_75": 49,
  "NOTE_ON_63": 50,
  "TS_1/8": 51,
  "DUR_0.125": 52,
  "NOTE_ON_80": 53,
  "DUR_4.0": 54,
  "TS_6/4": 55,
  "DUR_0.6666666666666666": 56,
  "TS_11/4": 57,
  "BEAT_5": 58,
  "BEAT_6": 59,
  "BEAT_7": 60,
  "BEAT_9": 61,
  "BEAT_10": 62,
  "TS_17/4": 63,
  "BEAT_8": 64,
  "BEAT_11": 65,
  "BEAT_12": 66,
  "BEAT_13": 67,
  "BEAT_14": 68,
  "BEAT_15": 69,
  "BEAT_16": 70,
  "TS_19/4": 71,
  "BEAT_17": 72,
  "BEAT_18": 73,
  "BEAT_19": 74,
  "NOTE_ON_82": 75,
  "TS_9/8": 76,
  "DUR_1.75": 77
}