{"PAD": 0, "START": 1, "END": 2, "TS_2/4": 3, "MODE_minor": 4, "BAR": 5, "BEAT_1": 6, "NOTE_ON_72": 7, "DUR_1.0": 8, "BEAT_2": 9, "NOTE_ON_71": 10, "DUR_0.5": 11, "NOTE_ON_74": 12, "NOTE_ON_76": 13, "REST": 14, "TS_3/4": 15, "BEAT_3": 16, "NOTE_ON_69": 17, "NOTE_ON_77": 18, "DUR_0.75": 19, "DUR_0.25": 20, "DUR_2.0": 21, "NOTE_ON_81": 22, "NOTE_ON_80": 23, "NOTE_ON_79": 24, "NOTE_ON_73": 25, "TS_3/8": 26, "MODE_major": 27, "NOTE_ON_62": 28, "NOTE_ON_67": 29, "NOTE_ON_65": 30, "NOTE_ON_64": 31, "DUR_0": 32, "NOTE_ON_60": 33, "NOTE_ON_59": 34, "DUR_1.5": 35, "NOTE_ON_66": 36, "NOTE_ON_61": 37, "DUR_3.0": 38, "NOTE_ON_68": 39, "DUR_0.16666666666666666": 40, "DUR_0.125": 41, "NOTE_ON_70": 42, "DUR_0.3333333333333333": 43, "DUR_0.08333333333333333": 44, "NOTE_ON_63": 45, "TS_4/4": 46, "BEAT_4": 47, "NOTE_ON_78": 48, "NOTE_ON_57": 49, "NOTE_ON_82": 50, "TS_9/8": 51, "DUR_4.0": 52, "NOTE_ON_58": 53, "NOTE_ON_75": 54, "DUR_1.75": 55, "DUR_0.375": 56, "DUR_0.4": 57, "TS_1/8": 58, "NOTE_ON_83": 59, "DUR_0.1": 60, "TS_5/4": 61, "BEAT_5": 62, "TS_1/4": 63, "TS_6/4": 64, "DUR_0.6666666666666666": 65, "TS_11/8": 66, "BEAT_6": 67, "BEAT_7": 68, "BEAT_8": 69, "BEAT_10": 70, "BEAT_11": 71, "BEAT_9": 72, "TS_13/8": 73, "TS_10/4": 74, "BEAT_12": 75, "BEAT_13": 76, "TS_16/4": 77, "BEAT_14": 78, "BEAT_15": 79, "BEAT_16": 80, "TS_15/8": 81, "TS_7/4": 82, "TS_8/4": 83, "TS_7/8": 84, "TS_9/4": 85, "TS_15/4": 86, "TS_12/4": 87, "TS_23/8": 88, "BEAT_17": 89, "BEAT_18": 90, "BEAT_19": 91, "BEAT_20": 92, "BEAT_21": 93, "BEAT_22": 94, "BEAT_23": 95, "TS_21/8": 96, "TS_11/4": 97, "DUR_0.2": 98, "DUR_0.041666666666666664": 99, "TS_13/4": 100, "TS_17/8": 101, "TS_5/8": 102, "TS_19/16": 103, "DUR_0.0625": 104, "TS_14/4": 105, "DUR_0.6": 106, "DUR_0.875": 107, "DUR_0.5833333333333334": 108, "DUR_2.3333333333333335": 109, "DUR_0.1875": 110, "DUR_0.07142857142857142": 111, "DUR_0.111111111111": 112, "DUR_0.2916666666666667": 113, "DUR_3.5": 114, "DUR_0.1428571428571428": 115, "DUR_0.05": 116}