{
    "2/4|major": 0.22223647991390194,
    "8/4|major": 0.01964525943249788,
    "4/4|major": 0.14552641927271975,
    "5/4|major": 0.0015812239998344267,
    "6/4|major": 0.015576298197321854,
    "12/4|major": 0.004789204627770764,
    "3/4|major": 0.4601444626115032,
    "3/8|major": 0.07755034459920938,
    "3/8|minor": 0.006829894240122524,
    "2/4|minor": 0.01009582548585384,
    "3/4|minor": 0.011312788459548398,
    "9/8|major": 0.002007574973611772,
    "4/4|minor": 0.0009520458637746549,
    "19/4|major": 0.00021524515180992198,
    "10/4|major": 0.00035598236645487097,
    "1/8|major": 0.00896578843885175,
    "1/4|major": 0.0026077778007740546,
    "9/4|major": 0.00034770370676987395,
    "16/4|major": 0.0034687584080137428,
    "7/4|major": 0.0014197901359769853,
    "7/8|major": 0.0004097936544073514,
    "5/8|major": 0.0010348324606246249,
    "23/8|major": 2.0696649212492498e-05,
    "11/4|major": 5.3811287952480494e-05,
    "15/8|major": 0.00026077778007740546,
    "13/8|major": 0.00034770370676987395,
    "15/4|major": 1.6557319369993997e-05,
    "18/4|major": 2.8975308897489496e-05,
    "11/8|major": 0.000678850094169754,
    "13/4|major": 4.9671958109982e-05,
    "17/4|major": 1.24179895274955e-05,
    "17/8|major": 3.72539685824865e-05,
    "21/8|major": 1.24179895274955e-05,
    "14/4|major": 2.4835979054991e-05,
    "8/4|minor": 5.3811287952480494e-05,
    "6/4|minor": 0.00018213051306993397,
    "5/4|minor": 0.00016557319369993998,
    "11/8|minor": 5.3811287952480494e-05,
    "1/4|minor": 0.0004097936544073514,
    "1/8|minor": 7.03686073224745e-05,
    "9/8|minor": 7.4507937164973e-05,
    "7/8|minor": 3.72539685824865e-05,
    "7/4|minor": 0.00017385185338493698,
    "9/4|minor": 5.795061779497899e-05,
    "21/8|minor": 4.139329842498499e-06,
    "13/8|minor": 2.8975308897489496e-05,
    "15/8|minor": 4.553262826748349e-05,
    "17/8|minor": 1.24179895274955e-05,
    "10/4|minor": 4.139329842498499e-06,
    "19/16|minor": 4.139329842498499e-06,
    "5/8|minor": 4.139329842498499e-06
}