{
  "PAD": 0,
  "UNK": 1,
  "[CLS]": 2,
  "TS_3/8": 3,
  "MODE_major": 4,
  "BAR": 5,
  "BEAT_1": 6,
  "REST": 7,
  "DUR_0.5": 8,
  "BEAT_2": 9,
  "NOTE_ON_60": 10,
  "BEAT_3": 11,
  "NOTE_ON_64": 12,
  "DUR_0.25": 13,
  "NOTE_ON_65": 14,
  "NOTE_ON_67": 15,
  "DUR_0.16666666666666666": 16,
  "NOTE_ON_69": 17,
  "NOTE_ON_62": 18,
  "DUR_1.5": 19,
  "END": 20,
  "TS_2/4": 21,
  "DUR_1.0": 22,
  "NOTE_ON_71": 23,
  "DUR_2.0": 24,
  "MODE_minor": 25,
  "NOTE_ON_72": 26,
  "NOTE_ON_74": 27,
  "NOTE_ON_76": 28,
  "NOTE_ON_78": 29,
  "NOTE_ON_59": 30,
  "TS_3/4": 31,
  "DUR_0.75": 32,
  "DUR_0.3333333333333333": 33,
  "NOTE_ON_70": 34,
  "NOTE_ON_57": 35,
  "NOTE_ON_58": 36,
  "DUR_3.0": 37,
  "NOTE_ON_66": 38,
  "NOTE_ON_61": 39,
  "TS_1/4": 40,
  "NOTE_ON_77": 41,
  "NOTE_ON_81": 42,
  "NOTE_ON_79": 43,
  "NOTE_ON_83": 44,
  "TS_4/4": 45,
  "BEAT_4": 46,
  "NOTE_ON_68": 47,
  "NOTE_ON_73": 48,
  "NOTE_ON_75": 49,
  "NOTE_ON_63": 50,
  "TS_1/8": 51,
  "DUR_0.125": 52,
  "NOTE_ON_80": 53,
  "DUR_4.0": 54,
  "TS_6/4": 55,
  "DUR_0.6666666666666666": 56,
  "TS_9/4": 57,
  "TS_9/8": 58,
  "TS_13/8": 59,
  "BEAT_5": 60,
  "BEAT_6": 61,
  "BEAT_7": 62,
  "BEAT_8": 63,
  "BEAT_9": 64,
  "BEAT_10": 65,
  "BEAT_11": 66,
  "BEAT_12": 67,
  "TS_7/4": 68,
  "TS_11/8": 69,
  "TS_5/4": 70,
  "TS_15/8": 71,
  "TS_7/8": 72,
  "TS_8/4": 73,
  "DUR_1.75": 74
}