{
  "PAD": 0,
  "UNK": 1,
  "[CLS]": 2,
  "TS_2/4": 3,
  "MODE_major": 4,
  "BAR": 5,
  "BEAT_1": 6,
  "NOTE_ON_60": 7,
  "DUR_0.5": 8,
  "BEAT_2": 9,
  "NOTE_ON_62": 10,
  "NOTE_ON_64": 11,
  "DUR_1.0": 12,
  "NOTE_ON_67": 13,
  "NOTE_ON_69": 14,
  "NOTE_ON_65": 15,
  "DUR_2.0": 16,
  "END": 17,
  "TS_3/8": 18,
  "REST": 19,
  "BEAT_3": 20,
  "DUR_0.25": 21,
  "DUR_0.16666666666666666": 22,
  "DUR_1.5": 23,
  "NOTE_ON_71": 24,
  "MODE_minor": 25,
  "NOTE_ON_72": 26,
  "NOTE_ON_74": 27,
  "NOTE_ON_76": 28,
  "NOTE_ON_78": 29,
  "DUR_0.75": 30,
  "NOTE_ON_66": 31,
  "TS_3/4": 32,
  "NOTE_ON_59": 33,
  "NOTE_ON_57": 34,
  "DUR_0.3333333333333333": 35,
  "DUR_3.0": 36,
  "NOTE_ON_70": 37,
  "NOTE_ON_61": 38,
  "NOTE_ON_77": 39,
  "TS_1/4": 40,
  "NOTE_ON_81": 41,
  "NOTE_ON_79": 42,
  "NOTE_ON_83": 43,
  "TS_4/4": 44,
  "BEAT_4": 45,
  "NOTE_ON_68": 46,
  "NOTE_ON_73": 47,
  "NOTE_ON_75": 48,
  "NOTE_ON_58": 49,
  "NOTE_ON_63": 50,
  "TS_1/8": 51,
  "DUR_0.125": 52,
  "NOTE_ON_80": 53,
  "DUR_4.0": 54,
  "TS_6/4": 55,
  "TS_9/4": 56,
  "TS_9/8": 57,
  "TS_13/8": 58,
  "BEAT_5": 59,
  "BEAT_6": 60,
  "BEAT_7": 61,
  "BEAT_8": 62,
  "BEAT_9": 63,
  "BEAT_10": 64,
  "BEAT_11": 65,
  "BEAT_12": 66,
  "TS_7/4": 67,
  "TS_11/8": 68,
  "TS_5/4": 69,
  "TS_15/8": 70,
  "TS_7/8": 71,
  "TS_8/4": 72,
  "NOTE_ON_82": 73,
  "DUR_1.75": 74
}